﻿<?xml version="1.0" encoding="utf-8"?>
<TypeDefinition version="3.0">
  <Modules>
    <Module url="CompBase.json"/>
    <Module url="ComComp.json"/>
    <Module url="Grid.json"/>
    <Module url="DeviceAPI.json"/>
    <Module url="ListView.json"/>
    <Module url="extlib::ActionAsset.json"/>
  </Modules>
  <Components>
    <Component type="JavaScript" id="Button" classname="nexacro.Button" defaultwidth="80" defaultheight="30"/>
    <Component type="JavaScript" id="Combo" classname="nexacro.Combo" defaultheight="30"/>
    <Component type="JavaScript" id="Edit" classname="nexacro.Edit" defaultheight="30"/>
    <Component type="JavaScript" id="MaskEdit" classname="nexacro.MaskEdit" defaultheight="30"/>
    <Component type="JavaScript" id="TextArea" classname="nexacro.TextArea" defaultheight="100" defaultwidth="150"/>
    <Component type="JavaScript" id="Static" classname="nexacro.Static" defaultheight="30"/>
    <Component type="JavaScript" id="Div" classname="nexacro.Div"/>
    <Component type="JavaScript" id="PopupDiv" classname="nexacro.PopupDiv"/>
    <Component type="JavaScript" id="Radio" classname="nexacro.Radio"/>
    <Component type="JavaScript" id="CheckBox" classname="nexacro.CheckBox" defaultheight="30"/>
    <Component type="JavaScript" id="ListBox" classname="nexacro.ListBox"/>
    <Component type="JavaScript" id="Grid" classname="nexacro.Grid"/>
    <Component type="JavaScript" id="Spin" classname="nexacro.Spin" defaultheight="30"/>
    <Component type="JavaScript" id="Menu" classname="nexacro.Menu"/>
    <Component type="JavaScript" id="PopupMenu" classname="nexacro.PopupMenu"/>
    <Component type="JavaScript" id="Tab" classname="nexacro.Tab"/>
    <Component type="JavaScript" id="GroupBox" classname="nexacro.GroupBox"/>
    <Component type="JavaScript" id="Calendar" classname="nexacro.Calendar" defaultheight="30"/>
    <Component type="JavaScript" id="ImageViewer" classname="nexacro.ImageViewer"/>
    <Component type="JavaScript" id="ProgressBar" classname="nexacro.ProgressBar"/>
    <Component type="JavaScript" id="Plugin" classname="nexacro.Plugin"/>
    <Component type="JavaScript" id="Dataset" classname="nexacro.NormalDataset"/>
    <Component type="JavaScript" id="FileUpload" classname="nexacro.FileUpload"/>
    <Component type="JavaScript" id="FileDownload" classname="nexacro.FileDownload"/>
    <Component type="JavaScript" id="Sketch" classname="nexacro.Sketch"/>
    <Component type="JavaScript" id="Camera" classname="nexacro.Camera"/>
    <Component type="JavaScript" id="WebBrowser" classname="nexacro.WebBrowser"/>
    <Component type="JavaScript" id="ListView" classname="nexacro.ListView"/>
    <Component type="JavaScript" id="DataObject" classname="nexacro.DataObject"/>
    <Component type="JavaScript" id="FileDialog" classname="nexacro.FileDialog"/>
    <Component type="JavaScript" id="FileUpTransfer" classname="nexacro.FileUpTransfer"/>
    <Component type="JavaScript" id="FileDownTransfer" classname="nexacro.FileDownTransfer"/>
    <Component type="JavaScript" id="View" classname="nexacro.View"/>
    <Component type="JavaScript" id="TranAction" classname="nexacro.TranAction"/>
    <Component type="JavaScript" id="MessageAction" classname="nexacro.MessageAction"/>
    <Component type="JavaScript" id="PopupAction" classname="nexacro.PopupAction"/>
  </Components>
  <Services>
    <Service prefixid="theme" type="resource" url="./_resource_/_theme_/" version="0" communicationversion="0" cachelevel="session" include_subdir="true"/>
    <Service prefixid="initvalue" type="resource" url="./_resource_/_initvalue_/" version="0" communicationversion="0" cachelevel="session" include_subdir="false"/>
    <Service prefixid="imagerc" type="resource" url="./_resource_/_images_/" cachelevel="session" include_subdir="true"/>
    <Service prefixid="font" type="resource" url="./_resource_/_font_/" version="0" communicationversion="0" cachelevel="session" include_subdir="false"/>
    <Service prefixid="xcssrc" type="resource" url="./_resource_/_xcss_/" cachelevel="session" include_subdir="false"/>
    <Service prefixid="Base" type="form" cachelevel="session" url="./Base/" version="0" communicationversion="0" include_subdir="false"/>
    <Service prefixid="FrameBase" type="form" url="./FrameBase/" cachelevel="session" version="0" communicationversion="0" include_subdir="false"/>
    <Service prefixid="Form" type="form" cachelevel="session" url="./Form/" version="0" communicationversion="0" include_subdir="false"/>
    <Service prefixid="Popup" type="form" cachelevel="session" url="./Popup/" version="0" communicationversion="0" include_subdir="false"/>
    <Service prefixid="Comp" type="form" cachelevel="session" url="./Comp/" version="0" communicationversion="0" include_subdir="false"/>
    <Service prefixid="CompExt" type="form" cachelevel="session" url="./CompExt/" version="0" communicationversion="0" include_subdir="false"/>
    <Service prefixid="CompCom" type="form" cachelevel="session" url="./CompCom/" version="0" communicationversion="0" include_subdir="false"/>
    <Service prefixid="EnvApp" type="form" cachelevel="session" url="./EnvApp/" version="0" communicationversion="0" include_subdir="false"/>
    <Service prefixid="Smpl" type="form" cachelevel="session" url="./Smpl/" version="0" communicationversion="0" include_subdir="false"/>
    <Service prefixid="Exe" type="form" cachelevel="session" url="./Exe/" version="0" communicationversion="0" include_subdir="false"/>
    <Service prefixid="Lib" type="js" cachelevel="session" url="./Lib/" version="0" communicationversion="0" include_subdir="false"/>
    <Service prefixid="File" type="file" cachelevel="session" url="./File/" version="0" communicationversion="0" include_subdir="false"/>
    <Service prefixid="QuickCode" type="form" url="./QuickCode/" version="0" cachelevel="session" include_subdir="false" communicationversion="0"/>
    <Service prefixid="Model" type="model" url="./Model/" version="0" cachelevel="session" include_subdir="true" communicationversion="0"/>
    <Service prefixid="ModelSvc" type="model" url="http://demo.nexacro.com/edu/nexacroN/" version="0" cachelevel="session" include_subdir="true" communicationversion="0" service_list="EduModelService.jsp" data_schema="EduModelService.jsp"/>
    <Service prefixid="ViewTemp" type="file" url="./ViewTemp/" version="0" cachelevel="session" include_subdir="false" communicationversion="0"/>
    <Service prefixid="LocalURL" type="JSP" cachelevel="session" url="http://localhost:8080/edu/nexacroN/" version="0" communicationversion="0" include_subdir="false"/>
    <Service prefixid="SvcURL" type="JSP" cachelevel="session" url="http://demo.nexacro.com/edu/nexacroN/" version="0" communicationversion="0" include_subdir="false"/>
    <Service prefixid="SvsBS" type="bs" version="0" cachelevel="session" include_subdir="false" communicationversion="0" url="http://demo.nexacro.com/edu/nexacroN/" service_list="EduServiceList.jsp" dataset_url="SvsBS.xds" data_schema="EduServiceDetail.jsp?"/>
    <Service prefixid="SvcMETA" type="metadata" version="0" cachelevel="session" include_subdir="false" communicationversion="0" url="http://demo.nexacro.com/edu/nexacroN/" service_list="EduMetaDataList.jsp" dataset_url="SvcMETA.xds" data_schema="EduMetaDataDetail.jsp?"/>
    <Service prefixid="ModelTable" type="model" url="http://demo.nexacro.com/edu/nexacroN/" version="0" cachelevel="session" include_subdir="true" communicationversion="0" service_list="EduModelService_Table.jsp" data_schema="EduModelService_Table.jsp"/>
  </Services>
  <Update>
    <Os name="Windows" url="./" timeout="30" retry="3" autoupdate="auto" updatetype="server">
      <Version name="common">
        <Resource type="Module" file="nexacrolib.zip" version="0" targetpath="" description=""/>
      </Version>
    </Os>
  </Update>
  <Deploy>
    <Os name="Windows"/>
  </Deploy>
</TypeDefinition>
