﻿{
	"name": "ActionAsset",
	"moduletype": "component",
	"version": "0",
	"minnexacroversion": "",
	"description": "",
	"license": "",
	"objInfo": [	
    "ActionAsset/_metainfo_/CommonInfo.info",
    "ActionAsset/_metainfo_/TranAction.info",
    "ActionAsset/_metainfo_/MessageAction.info",
    "ActionAsset/_metainfo_/PopupAction.info",
    "ActionAsset/_metainfo_/ActionRunEventInfo.info",
    "ActionAsset/_metainfo_/ActionSuccessEventInfo.info",
    "ActionAsset/_metainfo_/ActionErrorEventInfo.info",
    "ActionAsset/_metainfo_/TranActionSuccessEventInfo.info",
    "ActionAsset/_metainfo_/TranActionErrorEventInfo.info"
	],
	"scripts": [
    "ActionAsset/TranAction.js",
    "ActionAsset/MessageAction.js",
    "ActionAsset/PopupAction.js",
    "ActionAsset/ActionRunEventInfo.js",
    "ActionAsset/ActionSuccessEventInfo.js",
    "ActionAsset/ActionErrorEventInfo.js",
    "ActionAsset/TranActionSuccessEventInfo.js",
    "ActionAsset/TranActionErrorEventInfo.js"
	],
	"scriptsfilter": [

	],
	"designscripts": [

	],
	"help": "",	
	"xcss": "ActionAsset/_xcss_/ActionAssetProject.xcss",
	"images": "",	
	"licensefiles": "",
	"icons": "",
	"userfolder": [

	],
	"installinfo": {

	},
	"contentseditor": [

	]
}
